序号,类群,科中文名,药典/地方,科序,科拉丁名,科特征记忆模块,未知科检索模块
1,3,睡莲科,药典,4,Nymphaeaceae,多年生水生草本。根状茎平卧。浮水叶，常盾状或心形。花两性，辐射对称，浮水或挺水。重被花或单被花，萼片、花瓣少数至多数。多数离生雄蕊。离生雌蕊或复雌蕊，心皮2至多数。聚合果。坚果。,多年生草本。水生草本。根状茎。单叶，盾状着生，近圆形。两性花。辐射对称。重被花。离生萼。离瓣花。多数离生雄蕊。离生雌蕊。坚果。
2,3,五味子科,拆科,7,Schisandraceae,藤本。单叶，互生，常有透明的腺点。单性花，单生于叶腋内。单被花，花被片数轮排列。离生雄蕊4－80枚，一部或全部合生成一肉质的雄蕊柱。离生心皮12－300枚。聚合浆果。,藤本。单叶。叶互生，常有透明腺点。单性花，单被花数轮排列，具离生雄蕊。雄蕊柱。多数离生雌蕊。聚合浆果。
3,3,三白草科,药典,10,Saururaceae,多年生草本。单叶，互生。穗状花序或总状花序，具花瓣状总苞片；两性花；无被花；定数离生雄蕊；离生雌蕊或复雌蕊，心皮3－4枚，复雌蕊则为侧膜胎座。分果爿或蒴果。,草本。叶互生。两性花。无被花。穗状花序。总状花序。定数离生雄蕊。离生雌蕊。复雌蕊。侧膜胎座。蒴果。
4,3,胡椒科,药典,11,Piperaceae,草本、灌木或攀援藤本，稀为乔木，常芳香。单叶，互生，稀对生或轮生，全缘。穗状花序，单性花或花两性，辐射对称，无被花，具小苞片；离生雄蕊1-10枚；子房1室，有胚珠1颗，柱头1一5，无或有极短的花柱。干燥或肉质、不开裂的小浆果，排成稠密、国柱状的穗状体。,草本。灌木。藤本。乔木。芳香。叶互生。叶对生。叶轮生。单叶。全缘。单性花。两性花。辐射对称。无被花。穗状花序。离生雄蕊。浆果。
5,3,马兜铃科,药典,12,Aristolochiaceae,草本或藤状灌木。单叶，互生，常心形，全缘或3－5裂。花两性，辐射对称或左右对称，常有腐肉味；单被花，花被花瓣状、管状，3裂，暗紫色或黄绿色。离生雄蕊6至多数，或与花柱结合；雌蕊子房下位或半下位，4－6室；中轴胎座上。蒴果。,草本。藤状灌木。叶互生。全缘。缺刻。两性花。辐射对称。左右对称。单被花。离生雄蕊。子房下位。子房半下位。中轴胎座。蒴果。
6,3,肉豆蔻科,药典,13,Myristicaceae,乔木或灌木，芳香。树皮和髓心周围有黄色或肉红色的浆汁。单叶，互生，全缘，常有透明的斑点。腋生的花束或伞形花序，单性花，雌雄异株；单被花，花被常3裂；雄蕊2－40枚，花丝合生成一柱；子房上位。肉质果，常开裂为2果瓣；种子具肉质、撕裂状或全缘的假种皮，有胚乳种子。,乔木。灌木。芳香。浆汁。单叶。叶互生。全缘。单性花。雌雄异株。雌雄同株。总状花序。圆锥花序。头状花序。单被花。多数离生雄蕊。单体雄蕊。子房上位。核果。假种皮。有胚乳种子。
7,3,木兰科*,药典,14,Magnoliaceae,灌木至乔木。单叶，互生，常全缘；托叶大，包围着叶芽，早落留下托叶环。单生花，顶生或腋生；花两性，少单性花；单被花，数轮排列，花被片3基数；多数离生雄蕊与离生雌蕊，螺旋状排列于延长的花托上。聚果蓇葖果，聚合浆果。,灌木。乔木。单叶。叶互生。全缘。缺刻。托叶。托叶早落。单生花。两性花。单性花。单被花。多数离生雄蕊。离生雌蕊。聚合果。聚果。蓇葖果。聚合浆果。
8,3,樟科*,药典,25,Lauraceae,常绿或落叶的乔木或灌木，无根藤属（Cassytha）为缠绕寄生草本，芳香。单叶，互生、对生、近对生或轮生，常革质、全缘，具羽状脉、三出脉或离基三出脉。腋生或近顶生的圆锥花序、总状花序、近伞形花序或从生花束；两性花或单性花，辐射对称，单被 花，花被片常3基数少2基数，排成2轮，基部合生成的花被筒或在花后增大变成杯状或盘状的果托；雄蕊常9枚，轮状排列着生在花被筒的喉部；雌蕊多子房上位。浆果状核果，无胚乳种子。,乔木。灌木。缠绕茎。寄生草本。芳香。粘液。叶互生。叶对生。近对生。叶轮生。全缘。缺刻。羽状脉。三出脉。离基三出脉。圆锥花序。总状花序。近伞形花序。两性花。单性花。辐射对称。单被花。离生雄蕊。退化雄蕊。子房上位。子房下位。浆果。状核果。无胚乳种子。
9,3,金粟兰科,药典,26,Chloranthaceae,草本或灌木，稀为乔木。单叶，对生；具托叶。穗状花序、头状花序或圆锥花序；两性花或单性花；无被花，或有时在雌花中有浅杯状而具3齿的花被；合生雄蕊1－3枚；雌蕊子房上位。核果。,草本。灌木。乔木。叶对生。单叶。托叶。两性花。单性花。穗状花序。头状花序。圆锥花序。无被花。单被花。核果。
10,3,天南星科*,药典,28,Araceae,草本，具块茎或伸长的根茎，有时茎变厚而木质，直立、平卧或用小根攀附于他物上，少数浮水，常有乳状液汁。叶通常基生，如茎生则为互生，呈2行或螺旋状排列，形状各式，剑形而有平行脉至箭形而有网脉，全缘或分裂。花序为一肉穗花序，外有佛焰苞包围。花两性或单性，辐射对称。花被缺或为4－8个鳞片状体。雄蕊1至多数，分离或合生成雄蕊柱，退化雄蕊常存在。子房1，由1至数心皮合成，每室有胚珠1至数颗。果浆果状，密集于肉穗花序上。,草本。块茎。根状茎。浮水植物。乳状液汁。叶基生。叶互生。平行脉。网状脉。全缘。缺刻。肉穗花序。佛焰花序。两性花。单性花。辐射对称。 无被花。雄蕊柱。退化雄蕊。子房上位。浆果。
11,3,泽泻科,药典,30,Alismataceae,水生或泽生草本，具根状茎。叶常基生，有鞘，形态变化大。两性花或杂性，常轮生于花茎上。花两性，重被花，萼片和花瓣均3枚；离生雄蕊多6至多数；离生雌蕊6枚至多数，子房上位。瘦果。,水生草本。泽生草本。根状茎。叶基生。两性花。杂性花。重被花。离生萼。离瓣花。离生雄蕊。离生雌蕊。瘦果。
12,3,薯蓣科 ,药典,45,Dioscoreaceae,多年生缠绕草本。具块茎或根状茎。单叶或掌状复叶，多互生，全裂或分裂。穗状、总状或圆锥花序，单性花，雌雄异株，少雌雄同株；单被花，花被片6，2轮，基部合生。离生雄蕊6枚；雌花和雄花相似，惟雄蕊退化或缺；子房下位。蒴果或浆果。种子具翅。,多年生草本。缠绕茎。藤本。块茎。根状茎。叶互生。叶对生。单叶。掌状复叶。全裂。缺刻。雌雄异株。雌雄同株。穗状花序。总状花序。圆锥花序。单被花。离生雄蕊。子房下位。蒴果。浆果。
13,3,百部科 ,药典,48,Stemonaceae,多年生草本，或藤本，具根状茎或块根。叶互生，对生或轮生，横出平行脉。单生花腋生，花两性，辐射对称；单被花，花被片4，2轮；雄蕊4枚，花丝分离或基部梢合生；子房上位至半下位。蒴果开裂为2瓣；有胚乳种子。,多年生草本。藤本。直立茎。攀援茎。缠绕茎。根状茎。块根。叶互生。叶对生。叶轮生。基出脉。平行脉。两性花。辐射对称。单被花。子房上位。子房半下位。蒴果。有胚乳种子。
14,3,藜芦科,拆科,53,Melanthiaceae,多年生草本。具根状茎、鳞茎或块茎，地上茎直立。单生，基生或茎生，茎生叶常螺旋状排列。总状花序或圆锥花序顶生；花两性，单被花，花被片6枚；雄蕊与花被片同数对生或互生；雌蕊子房上位。蒴果或浆果。,多年生草本。根状茎。鳞茎。块茎。直立茎。单叶。叶基生。叶互生。总状花序。圆锥花序。单生花。单被花。两性。定数离生雄蕊。雄蕊与花被片同数互生。雄蕊与花被片同数对生。子房上位。蒴果。浆果。
15,3,菝葜科,拆科,59,Smilacaceae,多攀援灌木。茎枝或有皮刺。单叶互生，具3-7主脉和网状细脉；叶柄两侧常有翅状鞘，有托叶卷须或无。伞形花序或再组成复花序；花常单性，雌雄异株；单被花；离生雄蕊常6枚，或合生雄蕊；雌花常有3-6枚退化雄蕊，子房上位，柱头3裂。浆果。,攀援灌木。直立灌木。草本。皮刺。叶互生。弧形脉。网状脉。翅状鞘。托叶卷须。单性花。雌雄异株。两性花。伞形花序。复伞形花序。单被花。子房上位。浆果。
16,3,百合科 *,药典,60,Liliaceae,草本，具根茎、鳞茎或球茎。茎直立或攀援状。花序各式但决不为伞形花序；花两性，稀单性花，辐射对称；单被花，花被片6枚；离生雄蕊常6枚；子房上位，稀半下位。蒴果或浆果。,草本。根状茎。鳞茎。球茎。直立茎。攀援茎。两性花。单性花。辐射对称。单被花。离生雄蕊。子房上位。子房半下位。蒴果。浆果。
17,3,兰科*,药典,61,Orchidaceae,陆生、附生或腐生草本。陆生及腐生者常具根状茎或块茎，附生者常具假鳞茎以及肥厚而有根被的气生根。多在种子萌发时与真菌共生。单叶，常互生，或生于假鳞茎顶端或近顶端处。总状花序或圆锥花序，花两性，单被花，花被片6枚，2轮，内轮中央1枚称为唇瓣；雄蕊和花柱、柱头完全愈合而成合蕊柱，具花粉块；子房下位。蒴果；种子细小，极多数。,多年生草本。陆生。附生。腐生。根状茎。块茎。假鳞茎。气生根。单叶。叶互生。叶对生。叶轮生。全缘。两性花。两侧对称。单生花。总状花序。圆锥花序。单被花。唇瓣。合蕊柱。花粉块。子房下位。侧膜胎座。蒴果。
18,3,鸢尾科*,药典,70,Iridaceae,多年生草本，有根茎、块茎或鳞茎。叶常基生而嵌叠状，剑形或线形。花美丽，两性，辐射对称或左右对称。由2至数枚苞片组成的佛焰苞内抽出，通常排成聚伞花序。花被片6，2列，下部合生成一管。雄蕊3。子房下位，稀上位（我国不产），3室，有胚珠多数生于中轴胎座上，花柱1，柱头3，有时扩大而呈花瓣状或分裂：蒴果。,草本。鳞茎。叶基生。两性花。辐射对称。单生花。伞形花序。单被花。副花冠。离生雄蕊。雄蕊与花被片同数对生。假副花冠。子房上位。子房下位。蒴果。
19,3,石蒜科 ,药典,73,Amaryllidaceae,草本，有一具膜被的鳞茎或地下茎。叶少数，多少线形，基生。花两性，辐射对称，单生或多朵于花茎之顶排成伞形花序，下有总苞片1至数枚。花被花瓣状，有管或无管，裂片6，2列。副花冠常具存。雄蕊6，稀更多，与花被裂片对生。花丝分离或基部扩大而合成一假副花冠。子房上位或下位，3室。胚珠通常极多数，生于中轴（两侧膜）胎座上。蒴果，或肉质而不开裂。,多年生草本。灌木。藤本。乔木状。鳞茎。球茎。根状茎。块根。叶基生。鳞叶。总状花序。穗状花序。圆锥花序。头状花序。单生花。两性花。单被花。定数离生雄蕊。雄蕊与花被片同数对生。子房上位。子房下位。蒴果。室背开裂。浆果。
20,3,天门冬科*,拆科,74,Asparagaceae,多年生草本、灌木、藤本或乔木状。具鳞茎、球茎、根状茎或肉质根。叶形多样，线形、带状、剑形、针形等，叶基部具膜质鞘。总状花序、穗状花序或圆锥花序，少为头状花序或单生花；花两性，单被花，花被片6枚，2轮；雄蕊与花被片同数对生；子房上位或下位；蒴果，少为浆果。,多年生草本。灌木。藤本。乔木状。鳞茎。球茎。根状茎。肉质根。单叶。叶基生。膜质鞘。总状花序。穗状花序。圆锥花序。头状花序。单生花。两性花。单被花。雄蕊与花被片同数对生。子房上位。子房下位。蒴果。浆果。
21,3,棕榈科,药典,76,Arecaceae,灌木、藤本或乔木，茎通常不分枝，单生或几丛生，或有刺，或被残存老叶柄的基部或叶痕。单叶互生，在芽时折叠，羽状或掌状分裂；叶柄基部通常扩大成具纤维的鞘。花单性或两性，雌雄同株或异株，有时杂性，组成分枝或不分枝的佛焰花序（或肉穗花序）；重被花，3基数，合生萼或离生萼，合瓣花或离瓣花；雄蕊6枚，2轮；复雌蕊或离生雌蕊，心皮3枚。核果或硬浆果；有胚乳种子。,灌木。藤本。乔木。单叶。叶互生。羽状分裂。掌状分裂。叶柄基部纤维鞘。单性花。两性花。雌雄同株。雌雄异株。杂性。佛焰花序。肉穗花序。重被花。合生萼。离生萼。合瓣花。离瓣花。定数离生雄蕊。复雌蕊。离生雌蕊。核果。硬浆果。有胚乳种子。pqst
22,3,鸭跖草科,药典,78,Commelinaceae,草本。茎有节，直立或披散。叶互生，具叶鞘。聚伞花序或圆锥花序；花两性，辐射对称或左右对称，重被花，常蓝色，3基数；离生雄蕊6枚；子房上位。蒴果。种子常有假种皮。,直立草本。披散草本。叶互生。叶鞘。聚伞花序。圆锥花序。两性花。辐射对称。左右对称。合瓣花3。离生雄蕊。退化雄蕊。子房上位。蒴果。假种皮。有胚乳种子。
23,3,姜科 *,药典,89,Zingiberaceae,多年生草本，具块茎、根状茎、块根。叶基生或茎生，2列或有时螺旋排列，基部常鞘状；具叶舌。穗状花序、头状花序、总状花序或圆锥花序，花两性，左右对称；合生萼管状，合瓣花3裂；具唇瓣；发育雄蕊1枚；子房下位。蒴果或浆果状。具膜质假种皮。,多年生草本。块茎。块根。根状茎。叶基生。茎生。叶鞘。叶舌。两性花。左右对称。穗状花序。头状花序。总状花序。圆锥花序。合生萼。合瓣花。唇瓣。子房下位。蒴果。浆果状。假种皮。
24,3,香蒲科,药典,90,Typhaceae,多年生沼生、水生或湿生草本。根状茎横走。单叶二列，互生；具鞘状叶；条形叶直立，或斜上，具平行脉；叶鞘长，边缘膜质。穗状花序，花单性，雌雄同株；雄花序生于上部至顶端，较粗壮，雌性花序位于下部；无被花；雄花由1-3枚雄蕊组成，雌花子房柄基部至下部具白色丝状毛，孕性雌花柱头单侧；子房上位。小坚果。,多年生草本。沼生草本。水生草本。湿生草本。根状茎。直立茎。叶互生。全缘。平行脉。单性花。雌雄同株。穗状花序。无被花。子房上位。小坚果。有胚乳种子。
25,3,谷精草科,药典,94,Eriocaulaceae,多年生草本。叶通常狭窄，丛生。头状花序，花小，单性，辐射对称；雄花和雌花常混生于花序中，或雄花居中，雌花在外围，稀异序；花2－3基数，2轮，膜质；多离生萼，花瓣常有柄，离生或合生；雄蕊和萼片同数或倍之；子房上位。蒴果室背开裂。有胚乳种子。,多年生草本。丛生。单性花。辐射对称。头状花序。雌雄同株。重被花。离生萼。合生萼。离瓣花。合瓣花。无被花。子房上位。蒴果。室背开裂。有胚乳种子。
26,3,灯芯草科,药典,97,Juncaceae,草本，具根状茎和直立、单生茎。叶扁平或圆柱状，或退化为膜质鞘。聚伞花序或圆锥花序，花两性，单被花，花被片6枚，2轮；雄蕊6枚，子房上位。蒴果，分裂为3果瓣。,草本。根状茎。直立茎。两性花。聚伞花序。圆锥花序。单被花。离生雄蕊。子房上位。蒴果。
27,3,莎草科,药典,98,Cyperaceae,多年生或一年生草本。秆实心，常三棱形。叶通常3列，叶片狭长，有封闭的叶鞘。穗状、总状、圆锥状、头状或聚伞花序，花两性或单性；无被花或为下位刚毛、丝毛或鳞片；离生雄蕊1－3枚；子房上位。瘦果或小坚果。,多年生草本。一年生草本。三棱茎。叶鞘。两性花。单性花。穗状花序。总状花序。圆锥花序。头状花序。聚伞花序。无被花。定数离生雄蕊。子房上位。瘦果。小坚果。
28,3,禾本科*,药典,103,Poaceae,"一年生、二年生或多年生草本或木本。多为须根系。	地上茎（秆）中空，节实心。单叶，茎生叶呈二行排列；叶鞘开裂；具叶舌、叶耳。穗状花序或复合花序，两性花或单性花；具外稃、内稃，花被片退化为鳞被或无被花；离生雄蕊3~6枚；子房上位，上端生有羽毛状或帚刷状的柱头。颖果、坚果或浆果。",一年生草本。二年生草本。多年生草本。木本。须根系。秆。单叶。叶互生。叶舌。叶耳。叶鞘。穗状花序。复穗状花序。两性花。单性花。单被花。离生雄蕊。子房上位。颖果。浆果。坚果。
29,3,罂粟科,药典,106,Papaveraceae,多草本，常有乳白色或黄色汁液。多叶互生，全缘或分裂。单花顶生，或圆锥花序、总状花序或聚伞花序；花两性，辐射对称；重被花，萼片2－3枚，早落，花瓣4－6枚，常有皱纹；雄蕊多数离生；复雌蕊，子房上位。蒴果瓣裂或顶孔开裂。,草本。灌木。汁液。叶互生。叶对生。叶轮生。全缘。缺刻。两性花。辐射对称。单生花。圆锥花序。总状花序。聚伞花序。重被花。单被花。离生萼。离瓣花。多数离生雄蕊。二体雄蕊。复雌蕊。子房上位。蒴果。
30,3,木通科,药典,108,Lardizabalaceae,多木质藤本。叶多为掌状复叶，互生。花单生或组成总状花序，多单性花，辐射对称。重被花，萼片花瓣状，6枚2列；花瓣蜜腺状，6枚；离生雄蕊或合生雄蕊，6枚；离生雌蕊，心皮多3枚；子房上位。蓇葖果或浆果。,木质藤本。直立灌木。叶互生。掌状复叶。羽状复叶。辐射对称。单性花。杂性花。单生花。总状花序。圆锥花序。重被花。单被花。离生雄蕊。合生雄蕊。离生雌蕊。子房上位。蓇葖果。浆果。
31,3,防己科,药典,109,Menispermaceae,多攀援或缠绕藤本，木质部常有车辐状髓线。多单叶，叶螺旋状排列，常具掌状脉；叶柄两端肿胀。聚伞花序，或再作圆锥花序式、总状花序式或伞形花序式排列。花单性，雌雄异株；多重被花，萼片每轮3片，花瓣常2轮，每轮3片，分离；雄蕊常6-8枚，花丝分离或合生；离生雌蕊心皮3-6枚，子房上位。核果。,攀援茎。缠绕茎。藤本。直立灌木。小乔木。单叶。复叶。掌状脉。羽状脉。聚伞花序。圆锥花序状。总状花序状。伞形花序状。单生花。单性花。雌雄异株。重被花。单被花。离生雄蕊。合生雄蕊。离生雌蕊。子房上位。核果。无胚乳种子。
32,3,小檗科*,药典,110,Berberidaceae,草本或灌木。单叶或复叶，互生。单生花或排成总状花序，两性花，辐射对称；重被花，萼片和花瓣覆瓦状排列，2至多列；花瓣常变为蜜腺；雄蕊与花瓣同数对生，子房上位。浆果或蒴果。,草本。灌木。叶互生。单叶。复叶。两性花。辐射对称。单生花。总状花序。重被花。雄蕊与花瓣同数且对生。子房上位。浆果。蒴果。
33,3,毛茛科*,药典,111,Ranunculaceae,草本，少木本或木质藤本。单叶或复叶，对生或互生，全缘或分裂。花单性或两性，辐射对称或左右对称；重被花或单被花，萼片5枚或更多，有时花瓣状；花瓣缺或3－5枚或更多；多数离生雄蕊，多离生雌蕊。瘦果或蓇葖果，有时浆果或蒴果。,草本。木本。木质藤本。叶对生。叶互生。单叶。复叶。全缘。缺刻。辐射对称。左右对称。单性花。两性花。重被花。单被花。多数离生雄蕊。多数离生雌蕊。瘦果。蓇葖果。浆果。蒴果。
34,3,莲科,拆科,113,Nelumbonaceae,多年生水生草本。根状茎肥大，横走，具多节。叶盾状着生，近圆形，具挺水叶及浮水叶两种。花单生，花葶常高于叶；花被片多数，螺旋状着生；多数离生雄蕊，螺旋状着生；多数离生雌蕊，埋藏于倒圆锥形海绵质花托内。坚果。无胚乳种子，子叶肥厚。,多年生草本。水生草本。根状茎。叶盾状着生。挺水叶。浮水叶。单生花。两性花。单被花。多数离生雄蕊。多数离生雌蕊。坚果。无胚乳种子。
35,3,芍药科,拆科,122,Paeoniaceae,灌木、亚灌木或多年生草本。根或呈纺锤形块根。当年生分枝基部或茎基部具数枚鳞片。叶常为二回三出复叶，互生，小叶片全缘或分裂，裂片常全缘。花单生，重被花，花被片多数、分离；雄蕊多数，分离；雌蕊心皮离生，子房上位。聚合蓇葖果。,灌木。亚灌木。多年生草本。纺锤形块根。二回三出复叶。叶互生。单生花。重被花。离瓣花。多数离生雄蕊。离生雌蕊。子房上位。聚合蓇葖果。
36,3,金缕梅科,药典,124,Hamamelidaceae,乔木或灌木。 叶常互生，全缘或有齿，或掌状分裂，常有托叶。头状花序、穗状花序或总状花序，两性花或单性花，杂性同株或雌雄同株；重被花，或单被花，离生萼或合生萼，花瓣4－5枚；离生雄蕊4－5枚或多数；子房下位或半下位。2室木质蒴果，常室间和室背开裂为4瓣。,乔木。灌木。 互生。全缘。锯齿。掌状缺刻。托叶。杂性花。单性同株。头状花序。穗状花序。总状花序。重被花。单被花。离生萼。离瓣花。定数离生雄蕊。多数离生雄蕊。子房下位。子房半下位。蒴果。室间开裂。室背开裂。
37,3,虎耳草科,药典,129,Saxifragaceae,草本。单叶，互生。聚伞花序或总状花序、圆锥花序，花两性，辐射对称；重被花或单被花，萼片常5枚，花瓣与萼片互生或缺，周位花；离生雄蕊5－10枚；子房上位或下位，花柱通常分离。蒴果。,草本。叶互生。两性花。辐射对称。聚伞花序。总状花序。圆锥花序。单生花。重被花。单被花。周位花。上位花。定数离生雄蕊。子房上位。子房下位。蒴果。
38,3,景天科,药典,130,Crassulaceae,多年生、肉质植物，喜生于干地或石上。多单叶，互生、对生或轮生。单生花或聚伞花序，花多两性，辐射对称；萼片与花瓣同数，4－5基数； 离生雄蕊与萼片同数或2倍之；离生雌蕊心皮通常4－5枚。蓇葖果。,多年生草本。肉质植物。叶互生。叶对生。叶轮生。单叶。羽状复叶。两性花。单性花。辐射对称。单生花。聚伞花序。重被花。离生雄蕊。离生雌蕊。子房上位。蓇葖果。
39,3,葡萄科,药典,136,Vitaceae,多藤本，具顶芽卷须。单叶或复叶，互生。聚伞花序，花两性或单性，辐射对称；重被花，4－5基数，合生萼或离生萼，花瓣分离或有时帽状粘合而整块脱落；具花盘，环状或分裂；离生雄蕊4－6枚，与花瓣同数对生；子房上位。浆果。,藤本。顶芽卷须。直立灌木。叶互生。单叶。复叶。两性花。单性花。聚伞花序。合生萼。离瓣花。花盘。定数离生雄蕊。雄蕊与花瓣同数对生。子房上位。浆果。
40,3,蒺藜科,药典,138,Zygophyllaceae,草本至矮小灌木。单叶、2小叶至羽状复叶，对生或互生，具托叶。花单生于叶腋，或排成顶生的总状花序或圆锥花序；花两性，多辐射对称；重被花，5基数；具花盘，隆起或平压；雄蕊与花瓣同数或2－3倍，子房上位，有角或有翅。蒴果，室间开裂或室背开裂，果瓣常有刺。,草本。矮小灌木。叶对生。叶互生。单叶。羽状复叶。托叶。两性花。辐射对称。左右对称。单生花。总状花序。圆锥花序。重被花。离生萼。离瓣花。花盘。子房上位。室背开裂。蒴果。核果。浆果状。
41,3,豆科*,药典,140,Fabaceae,乔木、灌木、亚灌木或草本，直立或攀援，常有能固氮的根瘤。羽状复叶、掌状复叶或3小叶、单小叶，或单叶，多互生；罕可见叶状柄；多具托叶，有时叶状或为托叶刺。总状花序、聚伞花序、穗状花序、头状花序或圆锥花序，多两性花，辐射对称或两侧对称；重被花，多5基数，合生萼或离生萼，合瓣花或离瓣花，具蝶形花冠、假蝶形花冠；雄蕊通常10枚，分离或连合成管为单体雄蕊或二体雄蕊；单雌蕊，子房上位。荚果。,乔木。灌木。亚灌木。草本。直立茎。攀援茎。根瘤。叶互生。叶对生。羽状复叶。掌状复叶。单叶。叶状柄。托叶。叶状托叶。托叶刺。两性花。单性花。辐射对称。两侧对称。总状花序。聚伞花序。穗状花序。头状花序。圆锥花序。重被花。离生萼。合生萼。合瓣花。离瓣花。蝶形花冠。旗瓣。翼瓣。龙骨瓣。离生雄蕊。单体雄蕊。二体雄蕊。单雌蕊。子房上位。荚果。假种皮。无胚乳种子。
42,3,远志科,药典,142,Polygalaceae,一年生或多年生草本，藤状灌木或乔木。单叶，互生，全缘，有时退化为鳞片状或缺。花单生或穗状花序、总状花序或圆锥花序，常有苞片和小苞片；花两性，左右对称，离生萼5枚，不等长；离瓣花，花瓣5或3枚，不等大，具鸡冠状的附属体；合生雄蕊4－8枚；子房上位。蒴果、坚果或核果。,一年生草本。多年生草本。藤状灌木。乔木。单叶。叶互生。叶对生。叶轮生。全缘。两性花。左右对称。单生花。穗状花序。总状花序。圆锥花序。离生萼。离瓣花。合生雄蕊。子房上位。蒴果。坚果。核果。无胚乳种子。
43,3,蔷薇科*,药典,143,Rosaceae,草本、灌木或小乔木，有刺或无刺，或攀援状。羽状复叶或单叶，互生，常具托叶。花序各式，花两性，辐射对称；花托壶形或突起；重被花或单被花，4~5基数；多数离生雄蕊多数；单雌蕊、复雌蕊或离生雌蕊，子房上位或下位。核果、聚合果、梨果、蓇葖果。,草本。灌木。小乔木。枝刺。皮刺。攀援灌木。叶互生。托叶。两性花。辐射对称。离生萼。副萼。重被花。单被花。离瓣花。多数离生雄蕊。复雌蕊。离生雌蕊。子房上位。子房下位。核果。聚合果。瘦果。蓇葖果。蒴果。梨果。
44,3,胡颓子科,药典,146,Elaeagnaceae,灌木或乔木，全体被银色或金褐色的盾状鳞片。单叶，互生或对生，全缘。腋生的花束或总状花序，稀单生花；花两性或单性，辐射对称；单被花，2~4基数，合生萼，雌花萼于子房之上收缩，结果时变肉质；雄蕊4－8枚；子房上位。瘦果或坚果，包藏于肉质的花被内。,灌木。乔木。盾状鳞片。叶互生。叶对生。全缘。两性花。单性花。总状花序。单生花。雄花萼2－4裂。两性花。雌花萼管状。2－4裂。于子房之上收缩。结果。时变肉质。花瓣缺。雄蕊4－8。子房上位。1室。有胚珠1颗。花柱长。瘦果。坚果。
45,3,鼠李科,药典,147,Rhamnaceae,乔木或灌木，直立或攀援状，常具枝刺或托叶刺。单叶，互生；托叶早落。聚伞花序、穗状花序、伞形花序、总状花序、圆锥花序或花簇生，辐射对称，多两性花，重被花或单被花，4－5基数；雄蕊4－5枚，雄蕊与花瓣同数对生；具肉质花盘，子房上位或半下位。蒴果或核果。,乔木。灌木。直立茎。攀援茎。草本。托叶刺。叶互生。单叶。托叶。辐射对称。两性花。单性花。聚伞花序。穗状花序。伞形花序。总状花序。圆锥花序。合生萼。离瓣花。单被花。重被花。定数离生雄蕊。雄蕊与花瓣同数对生。花盘。子房上位。蒴果。核果。
46,3,桑科*,药典,150,Moraceae,灌木或乔木，少藤本和草本。常含乳汁。单叶，互生或对生，全缘或分裂；托叶早落留下托叶环。头状花序、穗状花序、葇荑花序或隐头花序，花单性，雌雄同株或雌雄异株；单被花，花被片多4枚；离生雄蕊与花被片同数对生；子房上位至下位，柱头1－2裂。聚花果，或成隐头果。,灌木。乔木。藤本。乳汁。草本。叶互生。叶对生。全缘。缺刻。托叶早落。单性。雌雄同株。雌雄异株。头状花序。穗状花序。葇荑花序。隐头花序。单被花。雄蕊与花被片同数对生。子房上位。子房下位。聚合果。隐头果。聚合瘦果。聚合核果。
47,3,荨麻科,地方,151,Urticaceae,草本、灌木或乔木，或具刺毛。单叶，互生或对生。聚伞花序、穗状花序或圆锥花序，花两性或单性；单被花，4~5基数；雄蕊与花被片同数对生，或退化呈鳞片状或缺；子房上位或子房下位。瘦果，多少被包于扩大、干燥或肉质的花被内。,草本。灌木。乔木。刺毛。叶互生。叶对生。单叶。两性花。单性花。聚伞花序。穗状花序。圆锥花序。雄蕊与花被片同数对生。子房上位。瘦果。
48,3,壳斗科,地方,153,Fagaceae,乔木或灌木。单叶，互生，全缘或分裂；托叶早落。花单性，雌雄同株；雄花常排成葇荑花序或穗状花序或头状花序，雌花单生或簇生；单被花，4－8基数；雄蕊4枚至多数；子房下位。坚果，多少包藏于一个有刺或鳞片状的杯状体内或总苞（壳斗）内。,乔木。灌木。叶互生。单叶。全缘。缺刻。托叶早落。单性花。雌雄同株。葇荑花序。穗状花序。头状花序。离生雄蕊。子房下位。坚果。壳斗。
49,3,葫芦科*,药典,163,Cucurbitaceae,草质藤本，具腋芽卷须。单叶深裂或复叶，互生。花单生，多单性花，雌蕊同株或雌雄异株；重被花，5基数；合生萼，离瓣花或合瓣花；雄蕊好像3枚，实为5枚，其中2对合生，花药分离或合生。子房下位，有侧膜胎座。果大部肉质，不开裂，有时为一纸质、囊状的干果。,草质藤本。腋芽卷须。叶互生。单叶。复叶。单性花。雌雄同株。雌雄异株。两性花。合生萼。合瓣花。合生雄蕊。子房下位。瓠果。
50,3,酢浆草科,地方,171,Oxalidaceae,草本，或灌木。指状复叶、羽状复叶或单叶，互生或基生，具托叶或缺。花单生或多伞形花序；花两性，辐射对称；重被花，5基数；合生萼，离瓣花或合瓣花；合生雄蕊10枚；子房上位。蒴果或肉质的浆果。,草本。灌木。指状复叶。羽状复叶。单叶。托叶。两性花。辐射对称。单生花。伞形花序。总状花序。聚伞花序。合生萼。离瓣花。合瓣花。合生雄蕊。子房上位。蒴果。浆果。
51,3,堇菜科,药典,200,Violaceae,草本、灌木、稀为乔木。单叶，互生、基生、稀对生，全缘或有时分裂；具托叶。花单生或排成圆装花序式；花两性或单性，辐射对称或左右对称；重被花，5基数；具花冠距；离生雄蕊或合生雄蕊5枚；子房上位。蒴果或浆果。,草本。灌木。乔木。叶互生。叶基生。叶对生。单叶。全缘。缺刻。托叶。辐射对称。左右对称。两性花。单性花。杂性花。单生花。圆锥花序。小苞片。离生萼。合瓣花。花冠距。子房上位。蒴果。浆果。
52,3,西番莲科,地方,202,Passifloraceae,草质或木质藤本，具腋芽卷须。单叶，互生，全缘或分裂，常具托叶。花单生或聚伞花序，两性花或单性花，辐射对称；重被花或单被花，3~5基数；合生萼，具副花冠；合生雄蕊3~5枚；子房上位。浆果或蒴果，种子具肉质假种皮。,草质。木质藤本。腋芽卷须。叶互生。单叶。缺刻。托叶。两性花。单性花。辐射对称。单生花。聚伞花序。合生萼。副花冠。合生雄蕊。子房上位。浆果。蒴果。假种皮。
53,3,大戟科*,药典,207,Euphorbiaceae,草本、灌木或乔木，常有乳状汁液。多单叶，互生，具托叶，基部有时有腺体。花序各式，多聚伞花序；花单性，雌雄同株或雌雄异株；单被花或无被花，具花盘或腺体；雄蕊少数至多数，分离或合生；子房上位。蒴果、浆果状或核果状。,草本。灌木。乔木。乳汁。叶互生。单叶。复叶。托叶。单性花。雌雄同株。雌雄异株。单被花。花盘。合生雄蕊。离生雄蕊。子房上位。蒴果。浆果状。核果状。
54,3,牻牛儿苗科 ,药典,212,Geraniaceae,一年生或多年生草本，间有软木质茎。单叶或复叶，互生或对生，具托叶。花单生或伞形花序，两性花，辐射对称或稍左右对称；重被花，具萼距；离生雄蕊5，；花瓣数之2－3倍；子房上位。蒴果，室轴开裂。,一年生草本。多年生草本。叶互生。叶对生。单叶。复叶。托叶。两性花。辐射对称。左右对称。单生花。伞形花序。离生萼。合生萼。萼距。离瓣花。离生雄蕊。子房上位。蒴果。
55,3,使君子科,药典,214,Combretaceae,木质藤本至乔木。单叶或复叶，互生或对生。穗状花序、总状花序或头状花序，多两性花，辐射对称；重被花或单被花，4~5基数，合生萼；雄蕊与萼片同数或2倍之；子房下位。果革质或核果状，有翅或有纵棱。,乔木。灌木。木质藤本。叶柄刺。单叶，对生。互生。轮生。两性花。单性花。杂性同株。辐射对称。左右对称。头状花序。穗状花序。总状花序。圆锥花序。重被花。单被花。离生雄蕊。花盘。子房下位。坚果。核果。翅果。无胚乳种子。
56,3,千屈菜科,药典,215,Lythraceae,草本，灌木或乔木。单叶，多对生，全缘。花单生或簇生，或为穗状花序、总状花序、圆锥花序、聚伞花序；花两性，多辐射对称；重被花，合生萼；离生雄蕊；离生雌蕊，子房上位。浆果，蒴果。,乔木。灌木。单叶。叶对生。叶簇生。单生花。簇生花。聚伞花序。两性花。辐射对称。合生萼。离瓣花。多数离生雄蕊。子房下位。子房半下位。多数离生雌蕊。浆果。无胚乳种子。
57,3,桃金娘科,药典,218,Myrtaceae,灌木或乔木。单叶，多对生，全缘；常有透明腺点，芳香。花单后或各式花序，两性花，或杂性花，辐射对称；重被花，4~5基数；合生萼，合瓣花；雄蕊多数，成数束与花瓣对生；子房下位或半下位。浆果、核果、蒴果或坚果。,灌木。乔木。叶对生。叶互生。全缘。透明油腺点。芳香。两性花。杂性花。辐射对称。单生花。合生萼。离瓣花。重被花。单被花。多数离生雄蕊。子房下位。子房半下位。离生心皮。浆果。核果。蒴果。坚果。
58,3,旌节花科,药典,228,Stachyuraceae,直立或攀援状灌木或小乔木。单叶，互生，具锯齿；托叶线状披针形，早落。总状花序或穗状花序腋生，两性花或单性花，雌雄异株，辐射对称；重被花，4基数；雄蕊8枚，2轮；子房上位。浆果，种子具柔软的假种皮。,灌木。小乔木。攀援状灌木。单叶。叶互生。锯齿。托叶早落。总状花序。穗状花序。整齐花。两性花。雌雄异株。小苞片。离生萼。离瓣花。定数离生雄蕊。子房上位。浆果。假种皮。有胚乳种子。
59,3,橄榄科,药典,238,Burseraceae,乔木或灌木。奇数羽状复叶或单叶，互生。花两性或杂性，辐射对称；重被花，3－5基数；雄蕊与花瓣同数或2倍之，具环状花盘；子房上位。核果。,乔木。灌木。叶互生。奇数羽状复叶。单叶。两性花。杂性花。辐射对称。离生萼。离瓣花。花盘。子房上位。核果。
60,3,漆树科,药典,239,Anacardiaceae,乔木或灌木。单叶或羽状复叶，多互生。圆锥花序或总状花序，单性花或两性花，辐射对称；重被花，3－5基数；合生萼；具环状花盘；雄蕊多数；子房上位。核果。,乔木。灌木。叶互生。叶对生。单叶。羽状复叶。单性花。两性花。辐射对称。圆锥花序。总状花序。合生萼。重被花。单被花。花盘。多数离生雄蕊。子房上位。核果。
61,3,无患子科,药典,240,Sapindaceae,乔木或灌木。多羽状复叶，互生。总状花序或圆锥花序，单性花或杂性，辐射对称或左右对称；重被花或单被花，4－5基数；花盘发达；雄蕊8－10枚；子房上位。蒴果状或浆果状，种子或有假种皮。,乔木。灌木。攀援状草本。叶互生。羽状复叶。单叶。单性花。杂性花。辐射对称。左右对称。总状花序。圆锥花序。合生萼。离瓣花。花盘。子房上位。蒴果。浆果。假种皮。
62,3,芸香科*,药典,241,Rutaceae,灌木或乔木，稀为草本。具枝刺。单叶或复叶，互生或对生，具透明油腺点。具聚伞花序等各式花序，两性花或单性花，辐射对称；重被花，4~5基数；合生萼，离瓣花；离生雄蕊，复雌蕊或离生雌蕊。浆果、核果或蒴果状、翅果状。,灌木。乔木。枝刺。草本。叶互生。叶对生。单叶。复叶。透明油腺点。两性花。单性花。辐射对称。聚伞花序。合生萼。离瓣花。合生雄蕊。离生雌蕊。复雌蕊。浆果。核果。蒴果状。翅果状。
63,3,苦木科,药典,242,Simaroubaceae,乔木或灌木。羽状复叶，互生。圆锥花序或总状花序，两性花、单性花或杂性，辐射对称；重被花，3－5基数；具环状或长形花盘；雄蕊与花瓣同数或2倍之；复雌蕊或离生雌蕊，子房上位。核果、蒴果或翅果。,乔木。灌木。叶互生。叶对生。羽状复叶。两性花。单性花。杂性花。辐射对称。圆锥花序。总状花序。重被花。单被花。合生萼。离瓣花。花盘。复雌蕊。离生雌蕊。子房上位。核果。蒴果。翅果。
64,3,楝科,药典,243,Meliaceae,乔木或灌木。多羽状复叶，互生。圆锥花序，两性花，辐射对称；重被花，4~5基数；合生萼，离瓣花或合瓣花；单体雄蕊，雄蕊8－10枚；子房上位。蒴果、浆果或核果。种子有翅或无翅。,乔木。灌木。叶互生。羽状复叶。单叶。两性花。辐射对称。圆锥花序。合生萼。合瓣花。离瓣花。合生雄蕊。子房上位。花盘。蒴果。浆果。核果。
65,3,锦葵科*,药典,247,Malvaceae,草本、灌木或乔木。具丰富的韧皮纤维，具粘液。单叶，互生，具托叶。花单生或为复生的聚伞花序，多两性花，辐射对称；重被花，5基数；合生萼或离生萼，具副萼，离瓣花；单体雄蕊；复雌蕊，子房上位。蒴果或浆果状。,草本。灌木。乔木。叶互生。单叶。托叶。两性花。杂性花。辐射对称。单生花。聚伞花序。合生萼。离生萼。小苞片。离瓣花。单体雄蕊。子房上位。蒴果。浆果状。
66,3,瑞香科,药典,249,Thymelaeaceae,多乔木或灌木。单叶，互生或对生，全缘。头状花序、伞形花序、总状花序或穗状花序，两性花，辐射对称；单被花，合生萼，花瓣状；离生雄蕊与萼片同数或2倍之；子房上位。浆果、核果或坚果，少为蒴果。,乔木。灌木。草本。叶互生。叶对生。单叶。全缘。辐射对称。两性花。头状花序。伞形花序。总状花序。穗状花序。单生花。 合生萼。单被花。子房上位。浆果。核果。坚果。蒴果。
67,3,十字花科*,药典,270,Brassicaceae,一年生、二年生或多年生植物。具辛辣味；植株具有各式腺毛、非腺毛；具贮藏根。单叶或羽状复叶，全缘、有齿或分裂；叶基生或茎生，茎生叶互生。总状花序，多两性花，辐射对称；重被花，4基数；具十字形花冠；四强雄蕊，雌蕊子房上位，内具假隔膜。长角果、短角果，或坚果状。,一年生草本。二年生草本。多年生植物。辛辣味。亚灌木状。腺毛。非腺毛。块根。二型叶。叶基生。叶莲座状。叶互生。单叶。大头羽状分裂。羽状复叶。辐射对称。两性花。单性花。总状花序。单生花。重被花。离生萼。离瓣花。十字形花冠。四强雄蕊。子房上位。假隔膜。长角果。短角果。坚果状。
68,3,桑寄生科,药典,279,Loranthaceae,多半寄生灌木。单叶，对生，全缘，或为鳞片状。花序各式，两性花或单性花，两侧对称；单被花，花被片3－8枚，分离或合生成管；雄蕊与花被片同数对生；子房下位。。浆果。,半寄生植物。灌木。亚灌木。草本。叶对生。叶互生。叶轮生。两性花。单性花。雌雄同株。雌雄异株。辐射对称。两侧对称。总状花序。穗状花序。聚伞状花序，伞形花序。单生花。单被花。雄蕊与花被片等数对生。子房下位。浆果。有胚乳种子。
69,3,蓼科*,药典,283,Polygonaceae,草本，有时亚灌木或稍木质藤本，茎节膨大。单叶，互生，全缘；托叶膜质，鞘状或叶状，包茎或贯茎。花序各式，两性花或单性花，雌雄异株；单被花，花被2轮排列，花瓣状，宿存；雄蕊与花被片对生；子房上位，两侧压扁或三棱形。瘦果全部或部分包藏于宿存的花萼内。,草本。亚灌木。木质藤本。叶互生。单叶。全缘。托叶。托叶鞘。托叶穿茎。两性花。单性花。雌雄异株。单被花2。离生雄蕊。雄蕊与花被片对生。子房上位。瘦果。
70,3,茅膏菜科,地方,284,Droseraceae,草本，常无地上茎而有莲座状叶丛。叶在芽时常拳卷，具分布腺毛的捕虫叶。蝎尾状聚伞花序，两性花，辐射对称；重被花，4－5基数；离生雄蕊或合生雄蕊；子房上位。蒴果。,草本。叶基生。拳卷。腺毛。捕虫叶。两性花。辐射对称。蝎尾状聚伞花序。合生萼。重被花。合生雄蕊。子房上位。蒴果。室背开裂。有胚乳种子。
71,3,石竹科,药典,295,Caryophyllaceae,多草本。单叶，对生，全缘。花单生或聚伞花序，两性花，辐射对称；重被花，4~5基数；离生雄蕊8－10枚；子房上位。蒴果。,草本。亚灌木。叶对生。全缘。两性花。辐射对称。单生花。聚伞花序。合生萼。离生萼。重被花。单被花。离瓣花。定数离生雄蕊。子房上位。蒴果。浆果。
72,3,苋科*,药典,297,Amaranthaceae,草本，少数为攀援藤本或灌木。单叶，对生或互生。花单生、聚伞花序或圆锥花序，多两性花，辐射对称；单被花，花被片3－5枚，常干膜质；离生雄蕊1－5，与花被片对生；子房上位。胞果，浆果状或坚果。,草本。攀援藤本。灌木。叶对生。叶互生。两性花。单性花。单生花。聚伞花序。圆锥花序。单被花。定数离生雄蕊。雄蕊与花被片同数对生。子房上位。胞果。浆果状。坚果。
73,3,商陆科,药典,305,Phytolaccaceae,草本、灌木或乔木。叶互生，全缘花两性或单性，辐射对称，排成腋生或顶生的总状花序或聚伞花序。花被4－5裂。宿存。雄蕊4－5或更多。雌蕊由1至多个、分离或合生的心皮所成。子房上位或稀下位，胚珠单生于每一心皮内。浆果、蒴果或翅果。,草本。灌木。乔木。叶互生。全缘。两性花。单性花。辐射对称。总状花序。聚伞花序。单被花。离生雄蕊。单雌蕊。复雌蕊。离生雌蕊。子房上位。子房下位。浆果。蒴果。翅果。
74,3,紫茉莉科,地方,308,Nyctaginaceae,草本、灌木或乔木，有时攀援状。单叶，互生或对生，全缘。花序各试，常为聚伞花序；多两性花，辐射对称，围以总苞；单被花，花萼花瓣状，圆柱形、钟状或漏斗状，3-5裂，宿存；离生雄蕊或合生雄蕊，1至多枚；子房上位。瘦果，有棱或有翅，围以宿存花萼。,草本。灌木。乔木。攀援状。叶互生。叶对生。单叶。全缘。聚伞花序。辐射对称。两性花。单性花。总苞片。单被花。合生萼。合生雄蕊。子房上位。瘦果。有胚乳种子。
75,3,马齿苋科,药典,315,Portulacaceae,肉质草本或亚灌木。单叶，互生或对生，全缘。单生花，两性，辐射对称或左右对称。重被花，离生萼片，离瓣花，花瓣4－5枚，常早萎；离生雄蕊4常10枚；子房上位或半下位至下位。蒴果，盖裂或2－3瓣裂。,草本。肉质。单叶。叶互生。叶对生。全缘。两性花。辐射对称。单生花。聚伞花序。重被花。合生萼。离瓣花。离生雄蕊。子房上位。子房下位。蒴果。有胚乳种子。
76,3,凤仙花科,药典,325,Balsaminaceae,肉质草本。单叶，互生或对生，羽状脉。花单生至近伞形花序，两性花，左右对称；具萼距，合瓣花，花瓣5枚；合生雄蕊5枚；子房上位。肉质蒴果，弹裂为6个旋卷的果瓣。,肉质草本。叶互生。叶对生。单叶。羽状脉。左右对称。两性花。单生花。近伞形花序。合生萼。萼距。离瓣花。合生雄蕊。子房上位。蒴果。浆果。无胚乳种子。
77,3,五列木科,地方,332,Pentaphylacaceae,常绿乔木或灌木。单叶，螺旋状排列，托叶宿存。假穗状花序或总状花序，花两性，辐射对称；小苞片2，萼片5，均具睫毛；花瓣5枚，基部常与雄蕊合生；雄蕊5枚，与花瓣同数互生；子房上位；蒴果。,乔木。灌木。芽鳞。单叶。托叶。两性花。辐射对称。假穗状花序。总状花序。小苞片。离生萼。离瓣花。离生雄蕊。雄蕊与花瓣同数互生。子房上位。蒴果。室背开裂。有胚乳种子。
78,3,柿科,药典,334,Ebenaceae,乔木或灌木。单叶，多互生，全缘。花单生或排成小型的聚伞花序，常单性花，雌雄异株或杂性，辐射对称；重被花，花萼常在果时增大；雄蕊常为花冠裂片数的2－4倍，或与花冠裂片同数互生；雌花中常有退化雄蕊存在，子房上位。浆果。,乔木。灌木。单叶。叶互生。叶对生。叶轮生。全缘。单性花。雌雄异株。杂性花。两性花。辐射对称。单生花。聚伞花序。总状花序。圆锥花序。合生萼。合瓣花。雄蕊与花冠裂片同数互生。子房上位。浆果。有胚乳种子。
79,3,报春花科*,药典,335,Primulaceae,一年生或多年生草本，或亚灌木、小灌木。单叶，对生、互生或轮生，有时全部基生；叶缘、叶背或叶柄常见黑色腺点或腺条。花单生或伞形花序式、总状花序、圆锥花序、穗状花序等，两性花，辐射对称；重被花，合生萼常宿存，合瓣花；雄蕊5枚与花冠裂片对生；多子房上位。蒴果。,一年生草本。多年生草本。亚灌木。叶对生。叶互生。叶轮生。叶基生。单叶。缺刻。两性花。辐射对称。单生花。伞形花序式。总状花序。圆锥花序。穗状花序。合生萼。合瓣花。离生雄蕊。雄蕊与花冠裂片同数对生。退化雄蕊。子房上位。子房半下位。蒴果。
80,3,山茶科,地方,336,Theaceae,乔木或灌木。单叶，互生，革质，具羽状脉，全缘或有锯齿。花单生或数花簇生，多两性花，苞片2至多片；重被花，萼片、花瓣均5至多片；雄蕊多数，多列，分离或合生；子房上位。蒴果，或不分裂的核果及浆果状。,乔木。灌木。叶互生。羽状脉。全缘。锯齿。两性花。雌雄异株。单生花。簇生花。苞片。离生萼。合瓣花。离瓣花。合生雄蕊。子房上位。子房半下位。蒴果。核果。浆果状。有胚乳种子。
81,3,猕猴桃科,地方,342,Actinidiaceae,木质藤本。单叶，互生。聚伞花序，两性花或单性花，雌雄异株，辐射对称；重被花，离生萼，离瓣花，多5基数；离生雄蕊10枚至多数；雌蕊子房上位。浆果或不开裂蒴果。,木质藤本。单叶。叶互生。两性花。雌雄异株。辐射对称。聚伞花序。离生萼。离瓣花。多数离生雄蕊。多数离生雌蕊。子房上位。浆果。蒴果。
82,3,杜鹃花科,药典,345,Ericaceae,灌木、亚灌木或乔木，地生或附生。单叶，互生；革质，或被各式毛或鳞片。花单生或组成总状、圆锥状或伞形总状花序，两性花，辐射对称或略两侧对称，具苞片；合生萼4-5裂；合瓣花，花冠类型为钟状、坛状、漏斗状或高脚碟状，常5裂；雄蕊多为花冠裂片的2倍；子房上位或下位。蒴果或浆果。,灌木。亚灌木。乔木。叶互生。单叶。两性花。辐射对称。左右对称。合瓣花。离瓣花。子房上位。蒴果。浆果。核果。
83,3,杜仲科*,药典,350,Eucommiaceae,落叶乔木。单叶，互生，具羽状脉，边缘有锯齿。花单生或簇生，先叶开放，或与新叶同时从鳞芽长出；单性花，雌雄异株；无被花；雄花雄蕊5-10枚；雌花子房上位。翅果。,乔木。叶互生。单叶。羽状脉。锯齿。雌雄异株。无被花。先叶开放。鳞芽。单性花。簇生花。小苞片。定数离生雄蕊。单生花。复雌蕊。子房上位。翅果。有胚乳种子。
84,3,茜草科*,药典,352,Rubiaceae,草本、灌木或乔木，有时攀援状。单叶，对生或轮生，常全缘；托叶各式，在叶柄间或在叶柄内。花序各式，多两性花，辐射对称，或稍左右对称；重被花，4~6基数；合瓣花，雄蕊与花冠裂片同数互生；子房下位。蒴果、浆果或核果。,草本。灌木。乔木。攀援状。叶对生。叶轮生。单叶。全缘。托叶。托叶刺。两性花。单性花。辐射对称。左右对称。合生萼。合瓣花。离生雄蕊。雄蕊与花冠裂片同数互生。子房下位。蒴果。浆果。核果。有胚乳种子。
85,3,龙胆科,药典,353,Gentianaceae,一年生或多年生草本，很少灌木。单叶，多对生，全缘。聚伞花序，两性花，辐射对称；合生萼管状，合瓣花；雄蕊与花冠裂片同数互生；子房上位。蒴果，开裂为2个果瓣。,一年生草本。多年生草本。灌木。叶对生。叶轮生。全缘。辐射对称。两性花。聚伞花序。合生萼。合瓣花。离生雄蕊。雄蕊与花冠裂片同数互生。花盘。子房上位。蒴果。
86,3,马钱科,药典,354,Loganiaceae,草本、灌木或乔木，有时攀援状。单叶，对生或轮生；托叶极退化。聚伞花序、圆锥花序、总状花序、头状花序或穗状花序，两性花，辐射对称，或稍左右对称；合生萼，合瓣花，4－5基数；雄蕊与花冠裂片同数互生，少退化为1枚；子房上位。蒴果、浆果或核果。,草本。灌木。乔木。攀援状。叶对生。叶轮生。单叶。全缘。锯齿。托叶。两性花。辐射对称。左右对称。聚伞花序。圆锥花序。总状花序。头状花序。穗状花序。合生萼。合瓣花。离生雄蕊。雄蕊与花冠裂片同数互生。子房上位。蒴果。浆果。核果。
87,3,夹竹桃科*,药典,356,Apocynaceae,草本、灌木或乔木，有乳汁或水液。单叶，对生、轮生或互生。单生花或各式聚伞花序；两性花，辐射对称；合生萼，全瓣花，5基数，花冠裂片旋转排列；离生雄蕊5枚，着生于花冠上；具下位花盘；离生雌蕊，子房上位或半下位。双生蓇葖果，或浆果、核果或蒴果；具种缨。,草本。灌木。乔木。攀援状。乳汁。水液。叶对生。叶轮生。叶互生。单叶。全缘。锯齿。两性花。辐射对称。单生花。聚伞花序。合生萼。合瓣花。离生雄蕊5。花盘。子房上位。子房半下位。双生蓇葖。浆果。核果。蒴果。种缨
88,3,紫草科,药典,357,Boraginaceae,温带种类大部为草本或亚灌木，热带种类则为灌木或乔木。单叶，多互生。蝎尾状总状花序或聚伞花序，两性花，辐射对称；重被花，5基数；合生萼，合瓣花，管状花冠或漏斗状花冠；具花盘；雄蕊5枚着生花冠管基部；子房上位，由2心皮所成，常4裂。4个小坚果。,草本。亚灌木。灌木。乔木。叶互生。叶对生。叶轮生。两性花。辐射对称。蝎尾状总状花序。聚伞花序。合生萼。合瓣花。管状花冠。漏斗状花冠。花盘。子房上位。小坚果。
89,3,旋花科*,药典,359,Convolvulaceae,草质或木质藤本，或全寄生植物；常有乳汁。具缠绕茎或攀援茎。单叶，互生；寄生植物无叶或退化为小鳞片。花单生或聚伞花序，两性花，辐射对称；重瓣花，5基数；合萼花，合瓣花，钟状花冠或漏斗状花冠；离生雄蕊5枚；子房上位。蒴果，稀浆果。,草质藤本。木质藤本。乳汁。叶互生。单叶。全缘。缺刻。辐射对称。两性花。合生萼。合瓣花。两性花。钟状花冠。漏斗状花冠。子房上位。蒴果。浆果。
90,3,茄科*,药典,360,Solanaceae,草本、灌木或小乔木。单叶或复叶，互生或双生。花单生或为聚伞花序或花束，多两性花，辐射对称；重被花，合生萼，合瓣花，5基数，辐状花冠或漏斗状花冠；离生雄蕊5枚，着生于冠管上，花药常靠合；子房上位。浆果或蒴果。,草本。灌木。小乔木。叶互生。双生。全缘。缺刻。复叶。两性花。单性花。杂性同株。杂性异株。辐射对称。单生花。聚伞花序。合生萼。合瓣花。离生雄蕊。子房上位。浆果。蒴果。有胚乳种子。
91,3,木樨科,药典,366,Oleaceae,乔木、灌木或木质藤本。单叶或羽状复，多对生。圆锥花序或聚伞花序，有时簇生，少单生花；两性花，或少单性花，雌雄同株，或杂性异株，辐射对称；合生萼，合瓣花，4基数；离生雄蕊2枚；子房上位。核果、蒴果、浆果或翅果。,乔木。灌木。木质藤本。叶对生。叶互生。叶轮生。单叶。羽状复叶。辐射对称。两性花。单性。雌雄同株。杂性异株。圆锥花序。聚伞花序。簇生花。单生花。重被花。单被花。合瓣花。定数离生雄蕊。子房上位。核果。蒴果。浆果。翅果。
92,3,苦苣苔科,药典,369,Gesneriaceae,草本、灌木或稀为乔木，有时攀援状。单叶，基生或对生。花单生或为各式聚伞花序，两性花，常左右对称；合生萼管状，合瓣花，多少2唇形，5基数；离生雄蕊4枚，着生于花冠上；子房上位或下位。蒴果，果瓣常旋卷。,草本。灌木。乔木。攀援状。叶基生。叶对生。单叶。两性花。左右对称。单生花。聚伞花序。合生萼。合瓣花。定数离生雄蕊。子房上位。子房下位。蒴果。
93,3,车前科*,药典,370,Plantaginaceae,多一年生、二年生或多年生草本，陆生、沼生植物；具根状茎。多单叶，常莲座状基生，或于地上茎上互生、对生或轮生；弧形脉3-11条，具叶鞘。穗状花序狭圆柱状、圆柱状至头状，多两性花，辐射对称；重被花，合生萼，全瓣花，4基数；花冠干膜质，高脚碟状花冠或筒状；离生雄蕊4枚；雌蕊子房上位。蒴果。,一年生草本。二年生草本。多年生草本。小灌木。沼生植物。水生植物。直根系。须根系。根状茎。直立茎。叶互生。叶对生。叶轮生。单叶。全缘。锯齿。缺刻。弧形脉。叶鞘。穗状花序。单生花。总状花序。1苞片。两性花。杂性同株。杂性异株。单性花。雌雄同株。雌雄异株。合生萼。高脚碟状花冠。辐射对称。雄蕊与花冠裂片同数互生。复雌蕊。子房上位。蒴果。坚果。有胚乳种子。
94,3,玄参科*,药典,371,Scrophulariaceae,草本、灌木或乔木。单叶，互生、对生或轮生。花序各式，两性花，常左右对称；合生萼，合瓣花，4-5基数；辐状花冠、或阔钟状、管状，顶端裂片不等或二唇形；离生雄蕊常4枚，二强雄蕊；或具花盘；子房上位。蒴果或浆果。,草本。灌木。乔木。叶互生。叶对生。叶轮生。两性花。左右对称。合生萼。合瓣花。辐状花冠。钟状花冠。管状花冠。唇形花冠。定数离生雄蕊。花盘。子房上位。蒴果。浆果。
95,3,爵床科*,药典,377,Acanthaceae,草本或灌木，有时攀援状。单叶，对生。花序各式，两性花，常左右对称；合生萼，合瓣花，5基数；花冠二唇形或近相等5裂；离生雄蕊4或2枚；子房上位。蒴果，开裂时将种子弹出，具种钩。,草本。灌木。攀援状。叶对生。两性花。左右对称。小苞片。合生萼。合瓣花。唇形花冠。定数离生雄蕊。二强雄蕊。子房上位。蒴果。有种钩。
96,3,紫葳科,药典,378,Bignoniaceae,乔木、灌木或木质藤本，少草本。单叶或复叶，多对生。圆锥花序或总状花序，两性花，左右对称；重被花，4~5基数；合生萼管状，合瓣花，钟状花冠至漏斗状花冠，花冠裂片常二唇形；发育雄蕊常4枚，退化雄蕊1－3枚，均着生于冠管上；具花盘；子房上位。蒴果，室背开裂或室轴开裂；种子常有翅。,乔木。灌木。木质藤本。草本。叶对生。叶互生。单叶。复叶。两性花。左右对称。圆锥花序。总状花序。合生萼。合瓣花。钟状花冠。漏斗状花冠。离生雄蕊。退化雄蕊。花盘。子房上位。蒴果。室背开裂。室轴开裂。浆果状。
97,3,马鞭草科*,药典,382,Verbenaceae,多灌木或乔木。单叶或复叶，多对生。花序各式，两性花，左右对称，常偏斜或二唇形。重被花，合生萼，合瓣花，4－5基数；离生雄蕊4枚，2长2短，着生于花冠上；具花盘；子房上位，具假隔膜。核果或浆果，常分裂为数个小核果。,灌木。乔木。草本。叶对生。叶轮生。叶对生。单叶。复叶。两性花。左右对称。辐射对称。唇形花冠。合生萼。合瓣花。定数离生雄蕊。二强雄蕊。子房上位。假隔膜。核果。浆果。核果。
98,3,唇形科*,药典,383,Lamiaceae,草本、亚灌木或灌木，极稀乔木或藤木。芳香。具方茎。单叶或复叶，多对生或轮生。花单生、成对、丛生，或为轮伞花序或聚伞花序，再排成穗状、总状、圆锥花序式或头状花序式；多两性花，，多两侧对称；重被花，合生萼，合瓣花，均多二唇形；离生雄蕊常4枚，二强雄蕊；花盘发达；子房上位，假4室，花柱着生于子房基部。4枚小坚果，稀核果状。,草本。亚灌木。灌木。乔木。藤本。芳香。方茎。叶对生。叶轮生。叶互生。两性花。单性花。两侧对称。近辐射对称。单生花。轮伞花序。聚伞花序。合生萼。合瓣花。唇形花冠。定数离生雄蕊。二强雄蕊。花盘。子房上位。小坚果。核果状。无胚乳种子。有胚乳种子。
99,3,列当科,药典,387,Orobanchaceae,寄生草本。具寄生根。叶退化。花单生，两性花；合生萼，合瓣花，4－5基数；花冠上部偏斜或二唇形，裂片5；离生雄蕊4枚，2长2短；子房上位。蒴果，2瓣裂。,寄生草本。寄生根。两性花。左右对称。单生花。合生萼。合瓣花。唇形花冠。定数离生雄蕊。二强雄蕊。子房上位。蒴果。
100,3,冬青科,药典,392,Aquifoliaceae,乔木或灌木。单叶，多互生。花单生或成束，多单性花，辐射对称；重被花，合生萼，离瓣花或合瓣花，4－5基数；雄蕊与花瓣同数；子房上位。核果。,乔木。灌木。叶互生。叶对生。单叶。辐射对称。单性花。两性花。单生花。合生萼。合瓣花。子房上位。核果。
101,3,桔梗科*,药典,394,Campanulaceae,直立或缠绕草本，稀为亚灌木。常有乳汁。单叶，多互生、对生。花单生或花序各式，两性花，辐射对称；重被花，合生萼，合瓣花，4－5基数；具管状花冠、钟状花冠或辐状花冠；离生雄蕊4－6枚；子房下位或半下位。蒴果或浆果。,直立茎。缠绕茎。草本。亚灌木。乳汁。叶互生。叶对生。叶轮生。全缘。缺刻。合生萼。辐射对称。管状花冠。钟状花冠。辐状花冠。定数离生雄蕊。子房下位。子房上位。蒴果。浆果。
102,3,菊科*,药典,403,Asteraceae,多草本、亚灌木或灌木。具乳汁管或树脂道。单叶或复叶，常互生，稀对生或轮生。头状花序或为短穗状花序，具总苞；头状花序单生或数个至多数排列成总状、聚伞状、伞房状或圆锥状；两性花或单性花，辐射对称或左右对称；重被花，5基数；萼片为鳞片状、刚毛状或毛状的冠毛或退化；管状花或舌状花，同序或异序；合生雄蕊4-5个枚，聚药雄蕊；子房下位。瘦果。,草本。亚灌木。灌木。乔木。乳汁管。树脂道。芳香。叶互生。叶对生。叶轮生。全缘。锯齿。缺刻。两性花。单性花。雌雄异株。整齐花。左右对称。头状花序。短穗状花序。总苞片。头状花序。单生花。冠毛。辐射对称。管状花冠。左右对称。舌状花冠。聚药雄蕊。子房下位。瘦果。无胚乳种子。
103,3,忍冬科,药典,409,Caprifoliaceae,多灌木或木质藤本。单叶或羽状复叶，对生。聚伞花序、轮伞花序，或伞房式、圆锥式复花序；两性花，辐射对称或左右对称；重被花，合生萼，合瓣花，4－5基数；具管状花冠、辐状花冠、钟状花冠、高脚碟形花冠或漏斗状花冠；雄蕊与花冠裂片同数互生或二强雄蕊；子房下位。浆果、蒴果、瘦果或核果。,灌木。小乔木。草本。叶对生。单叶。羽状复叶。两性花。辐射对称。左右对称。合生萼。管状花冠。辐状花冠。定数离生雄蕊。雄蕊与花冠裂片同数互生。子房下位。浆果。蒴果。瘦果。核果。
104,3,五加科*,药典,414,Araliaceae,多年生草本、灌木至乔木，有时攀援状。茎或有刺。单叶、羽状复叶或掌状复叶，多互生；托叶多与叶柄基部合生成鞘状。伞形花序、头状花序、总状花序或穗状花序，再组成圆锥状复花序；两性花或单性花，辐射对称；合生萼，离瓣花，5－10基数；雄蕊与花瓣同数对生或2倍之；子房下位，具上位花盘。浆果或核果。,多年生草本。灌木。乔木。攀援状。皮刺。叶互生。叶对生。叶轮生。单叶。羽状复叶。掌状复叶。两性花。单性花。辐射对称。伞形花序。头状花序。穗状花序。总状花序。合生萼。离瓣花。花盘。子房下位。浆果。核果。
105,3,伞形科*,药典,416,Apiaceae,多一年生至多年生草本。具肉质直根。茎稍有棱和槽，或有钝棱，空心或有髓。心或有髓。叶掌状或羽状分裂，或为羽状复叶，互生；具叶鞘。复伞形花序或单伞形花序，两性花或杂性，具苞片；重被花，合生萼，合瓣花，基数5；离生雄蕊5枚，与花瓣同数互生；子房下位，具上位花盘。双悬果。,一年生草本。多年生草本。灌木。肉质直根。直立茎。叶互生。羽状复叶。单叶。叶鞘。两性花。单性花。杂性同株。杂性异株。复伞形花序。伞形花序。头状花序。总苞片。合生萼。离瓣花。花盘。定数离生雄蕊。雄蕊与花瓣同数互生。子房下位。双悬果。有胚乳种子。
